Paper title,Paper link,Year of publishing,Number of citations,Keywords,Relevant for study,Duplicate,Reviewer,Applicable/Non Applicable,Reason for choosing/ not choosing the research paper
An early evaluation of Intel's optane DC persistent memory module and its impact on high-performance scientific applications,https://dl.acm.org/doi/abs/10.1145/3295500.3356159,2019,93,"""Optane"" ""High+Performance+Computing""",Yes,,,,
Performance evaluation of the intel optane dc memory with scientific benchmarks,https://ieeexplore.ieee.org/abstract/document/8946136/,2019,20,"""Optane"" ""High+Performance+Computing""",Yes,,,,
Performance Analytics of Graph Algorithms Using Intel Optane DC Persistent Memory,https://search.proquest.com/openview/59840d772290d600c1b8a7f566c93e15/1?pq-origsite=gscholar&cbl=18750&diss=y,2021,0,"""Optane"" ""High+Performance+Computing""",Yes,,,,
Eurolab-4-HPC long-term vision on high-performance computing,https://arxiv.org/abs/1807.04521,2018,6,"""Optane"" ""High+Performance+Computing""",No,,,,
Early evaluation of intel optane non-volatile memory with hpc i/o workloads,https://arxiv.org/abs/1708.02199,2017,34,"""Optane"" ""High+Performance+Computing""",No,,,,
Storage Technology Current Trends-Optane and It's Future Implications,https://ieeexplore.ieee.org/abstract/document/8978386/,2019,0,"""Optane"" ""High+Performance+Computing""",Yes,,,,
An architecture for high performance computing and data systems using byte-addressable persistent memory,https://link.springer.com/chapter/10.1007/978-3-030-34356-9_21,2019,5,"""Optane"" ""High+Performance+Computing""",Yes,,,,
Assessing the use cases of persistent memory in high-performance scientific computing,https://ieeexplore.ieee.org/abstract/document/9652843/,2021,6,"""Optane"" ""High+Performance+Computing""",Yes,,,,
Power-aware Computing with Optane Persistent Memory Modules,https://ieeexplore.ieee.org/abstract/document/10196603/,2023,1,"""Optane"" ""High+Performance+Computing""",Yes,,,,
Exploring the Viability of Composable Architectures to Overcome Memory Limitations in High Performance Computing Workflows,https://dl.acm.org/doi/abs/10.1145/3626203.3670620,2024,0,"""Optane"" ""High+Performance+Computing""",Yes,,,,
Scalable indexing and search in high-end computing systems,https://search.proquest.com/openview/7eafaa3272d6b6c7b1251bc31ba45337/1?pq-origsite=gscholar&cbl=18750&diss=y,2023,1,"""Optane"" ""High+Performance+Computing""",Yes,,,,
"Productivity, performance, and portability for computational fluid dynamics applications",https://www.sciencedirect.com/science/article/pii/S0045793020300013,2020,45,"""Optane"" ""High+Performance+Computing""",Yes,,,,
High-Performance techniques for big data processing,https://www.sciencedirect.com/science/article/pii/B9780128191545000175,2020,7,"""Optane"" ""High+Performance+Computing""",Yes,,,,
Unexpected performance of Intel® Optane™ DC persistent memory,https://ieeexplore.ieee.org/abstract/document/9072482/,2020,34,"""Optane"" ""High+Performance+Computing""",Yes,,,,
Developing and evaluating novel solutions to understand the I/O bottlenecks in HPC applications,https://era.ed.ac.uk/handle/1842/42870,2024,1,"""Optane"" ""High+Performance+Computing""",Yes,,,,
High-performance big data computing,https://books.google.com/books?hl=en&lr=&id=zrZNEAAAQBAJ&oi=fnd&pg=PR8&dq=%22optane%22+%2B+%22high+performance+computing%22&ots=SQJ7la5GMT&sig=UrKOgY7CFH7h_--d101NVtqcdpI,2022,9,"""Optane"" ""High+Performance+Computing""",Yes,,,,
Efficient Solvers and Machine Learning Approaches in Cardiac Electrophysiology on High-Performance Computing Architectures,https://iris.unipv.it/handle/11571/1513199,2024,0,"""Optane"" ""High+Performance+Computing""",Yes,,,,
[C] Maximizing Computation per Power Ratios in High-Performance Computing: from Aggressive Power Management to Approximate Computing,,,0,"""Optane"" ""High+Performance+Computing""",No,,,,
"Object Storage, Persistent Memory, and Data Infrastructure for HPC Materials Informatics",https://arxiv.org/abs/2210.07929,2022,0,"""Optane"" ""High+Performance+Computing""",Yes,,,,
Performance characterization of a dram-nvm hybrid memory architecture for hpc applications using intel optane dc persistent memory modules,https://dl.acm.org/doi/abs/10.1145/3357526.3357541,2019,81,"""Optane"" ""High+Performance+Computing""",Yes,,,,
A performance study of optane persistent memory: from storage data structures' perspective,https://link.springer.com/article/10.1007/s42514-022-00123-x,2022,6,"""Optane"" ""High+Performance+Computing""",Yes,,,,
Optimizing Energy Consumed by Analytics in the Cloud,https://ieeexplore.ieee.org/abstract/document/10825559/,2024,0,"""Optane"" ""High+Performance+Computing""",Yes,,,,
Scheduling hpc workflows with intel optane persistent memory,https://ieeexplore.ieee.org/abstract/document/9460699/,2021,7,"""Optane"" ""High+Performance+Computing""",Yes,,,,
Demystifying the performance of hpc scientific applications on nvm-based memory systems,https://ieeexplore.ieee.org/abstract/document/9139816/,2020,26,"""Optane"" ""High+Performance+Computing""",Yes,,,,
The progress of high performance computing in China and the development trend of international high performance computing,https://link.springer.com/chapter/10.1007/978-981-15-8342-1_3,2020,2,"""Optane"" ""High+Performance+Computing""",Yes,,,,
Single machine graph analytics on massive datasets using intel optane dc persistent memory,https://arxiv.org/abs/1904.07162,2019,104,"""Optane"" ""High+Performance+Computing""",Yes,,,,
E-Infrastructures,https://prace-ri.eu/wp-content/uploads/PRACE-6IP-D5.2_with_annexes.pdf,2021,0,"""Optane"" ""High+Performance+Computing""",Yes,,,,
Evaluation of intel memory drive technology performance for scientific applications,https://dl.acm.org/doi/abs/10.1145/3286475.3286479,2018,7,"""Optane"" ""High+Performance+Computing""",No,,,,
Energy consumption evaluation of optane dc persistent memory for indexing data structures,https://ieeexplore.ieee.org/abstract/document/10106332/,2022,7,"""Optane"" ""High+Performance+Computing""",Yes,,,,
NVM in Data Storage: A Post-Optane Future,https://dl.acm.org/doi/abs/10.1145/3731454,2025,0,"""Optane"" ""High+Performance+Computing""",Yes,,,,
Evaluating the latest Optane memory: A glorious swansong?,https://www.research.ed.ac.uk/en/publications/evaluating-the-latest-optane-memory-a-glorious-swansong,2023,0,"""Optane"" ""High+Performance+Computing""",Yes,,,,
Mochi: Composing data services for high-performance computing environments,https://link.springer.com/article/10.1007/s11390-020-9802-0,2020,103,"""Optane"" ""High+Performance+Computing""",Yes,,,,
Data Placement Strategies for Heterogeneous and Non-Volatile Memories in High Performance Computing,https://theses.hal.science/tel-03431281/,2021,3,"""Optane"" ""High+Performance+Computing""",Yes,,,,
I/O Performance Optimization Schemes for Manycore HPC Systems,https://s-space.snu.ac.kr/bitstream/10371/196498/1/000000178050.pdf,2023,0,"""Optane"" ""High+Performance+Computing""",Yes,,,,
A read-efficient and write-optimized hash table for Intel Optane DC Persistent Memory,https://www.sciencedirect.com/science/article/pii/S0167739X24003297,2024,1,"""Optane"" ""High+Performance+Computing""",Yes,,,,
DAOS Beyond Persistent Memory: Architecture and Initial Performance Results,https://link.springer.com/chapter/10.1007/978-3-031-40843-4_26,2023,2,"""Optane"" ""High+Performance+Computing""",Yes,,,,
Performance benefits of Intel® Optane™ DC persistent memory for the parallel processing of large neuroimaging data,https://ieeexplore.ieee.org/abstract/document/9139615/,2020,3,"""Optane"" ""High+Performance+Computing""",Yes,,,,
Exploring non-volatility of non-volatile memory for high performance computing under failures,https://ieeexplore.ieee.org/abstract/document/9229618/,2020,13,"""Optane"" ""High+Performance+Computing""",Yes,,,,
Leveraging Intel Optane for HPC Workflows,http://nvmw.ucsd.edu/nvmw2021-program/nvmw2021-data/nvmw2021-paper11-final_version_your_extended_abstract.pdf,,0,"""Optane"" ""High+Performance+Computing""",No,,,,
Electromagnetic Simulations with 3D FEM and Intel Optane Persistent Memory,https://ieeexplore.ieee.org/abstract/document/9924749/,2022,2,"""Optane"" ""High+Performance+Computing""",Yes,,,,
Survey of storage systems for high-performance computing,https://centaur.reading.ac.uk/77664,2018,49,"""Optane"" ""High+Performance+Computing""",No,,,,
NVM-based energy and cost efficient hpc clusters,https://dl.acm.org/doi/abs/10.1145/3488423.3519330,2025,3,"""Optane"" ""High+Performance+Computing""",Yes,,,,
"Enabling dynamic and intelligent workflows for HPC, data analytics, and AI convergence",https://www.sciencedirect.com/science/article/pii/S0167739X22001364,2022,57,"""Optane"" ""High+Performance+Computing""",Yes,,,,
Unimem: Runtime data management on non-volatile memory-based heterogeneous main memory for high performance computing,https://link.springer.com/article/10.1007/s11390-020-0942-z,2021,5,"""Optane"" ""High+Performance+Computing""",Yes,,,,
Easycrash: Exploring non-volatility of non-volatile memory for high performance computing under failures,https://arxiv.org/abs/1906.10081,1906,5,"""Optane"" ""High+Performance+Computing""",No,,,,
Persistent memory object storage and indexing for scientific computing,https://ieeexplore.ieee.org/abstract/document/9306949/,2020,12,"""Optane"" ""High+Performance+Computing""",Yes,,,,
Analyzing Convergence Opportunities of HPC and Cloud for Data Intensive Science,https://ediss.sub.uni-hamburg.de/bitstream/ediss/10028/2/Dissertation%20Frank%20Gadban-20230127.pdf,2022,1,"""Optane"" ""High+Performance+Computing""",Yes,,,,
[CITATION] Towards Unified Intelligent High Performance Computing Storage Systems,,,0,"""Optane"" ""High+Performance+Computing""",No,,,,
System evaluation of the intel optane byte-addressable nvm,https://dl.acm.org/doi/abs/10.1145/3357526.3357568,2019,166,"""Optane"" ""High+Performance+Computing""",Yes,,,,
Cxl memory as persistent memory for disaggregated hpc: A practical approach,https://dl.acm.org/doi/abs/10.1145/3624062.3624175,2023,22,"""Optane"" ""High+Performance+Computing""",Yes,,,,
"Michael Henneckel (), Jeff Olivier², Tom Nabarro³, Liang Zhen¹®.",https://books.google.com/books?hl=en&lr=&id=XPPSEAAAQBAJ&oi=fnd&pg=PA353&dq=%22optane%22+%2B+%22high+performance+computing%22&ots=TnJ9wmAmiF&sig=dX9rDdNMa_mug6xA4hOMjAAJr78,2023,0,"""Optane"" ""High+Performance+Computing""",Yes,,,,
"Toward the convergence of high-performance computing, cloud, and big data domains",https://www.taylorfrancis.com/chapters/edit/10.1201/9781003176664-1/toward-convergence-high-performance-computing-cloud-big-data-domains-martin-golasowski-jan-martinovi%C4%8D-marc-levrier-stephan-hachinger-sophia-karagiorgou-aikaterini-papapostolou-spiros-mouzakitis-ioannis-tsapelas-monica-caballero-marco-aldinucci-jon-ander-g%C3%B3mez-antony-chazapis-jean-thomas-acquaviva,2022,8,"""Optane"" ""High+Performance+Computing""",Yes,,,,
Editorial for the special issue on memory architectures and systems for modern applications,https://link.springer.com/article/10.1007/s42514-022-00133-9,2022,0,"""Optane"" ""High+Performance+Computing""",Yes,,,,
A survey of software techniques to emulate heterogeneous memory systems in high-performance computing,https://www.sciencedirect.com/science/article/pii/S0167819123000297,2023,6,"""Optane"" ""High+Performance+Computing""",Yes,,,,
"Studies on the energy and deep memory behaviour of a cache-oblivious, task-based hyperbolic PDE solver",https://journals.sagepub.com/doi/abs/10.1177/1094342019842645,2019,20,"""Optane"" ""High+Performance+Computing""",Yes,,,,
"Leveraging a heterogeneous memory system for a legacy fortran code: The interplay of storage class memory, dram and os",https://ieeexplore.ieee.org/abstract/document/9306977/,2020,3,"""Optane"" ""High+Performance+Computing""",Yes,,,,
Architecting Heterogeneous Memory Systems with DRAM Technology Only: A Case Study on Relational Database,https://ieeexplore.ieee.org/abstract/document/9307020/,2020,1,"""Optane"" ""High+Performance+Computing""",Yes,,,,
DAOS as HPC Storage: Exploring Interfaces,https://ieeexplore.ieee.org/abstract/document/10321870/,2023,4,"""Optane"" ""High+Performance+Computing""",Yes,,,,
Advances in High Performance Computing Through Concurrent Data Structures and Predictive Scheduling,https://stars.library.ucf.edu/etd2023/273/,2024,0,"""Optane"" ""High+Performance+Computing""",Yes,,,,
Single-node partitioned-memory for huge graph analytics: cost and performance trade-offs,https://dl.acm.org/doi/abs/10.1145/3458817.3476156,2021,8,"""Optane"" ""High+Performance+Computing""",Yes,,,,
Towards Enhanced I/O Performance of NVM File Systems,https://ieeexplore.ieee.org/abstract/document/10487081/,2023,0,"""Optane"" ""High+Performance+Computing""",Yes,,,,
DGAP: Efficient dynamic graph analysis on persistent memory,https://dl.acm.org/doi/abs/10.1145/3581784.3607106,2023,9,"""Optane"" ""High+Performance+Computing""",Yes,,,,
Recoverable Algorithms for High-Performance Computing Systems לע-בושחמ תוכרעמ רובע םיששואתמ םימתירוגלא,https://www.researchgate.net/profile/Yehonatan-Fridman/publication/390984900_Recoverable_Algorithms_for_High-Performance_Computing_Systems_Master_Thesis_PhD_Proposal_combined/links/6806943a60241d514011fed7/Recoverable-Algorithms-for-High-Performance-Computing-Systems-Master-Thesis-PhD-Proposal-combined.pdf,2023,0,"""Optane"" ""High+Performance+Computing""",Yes,,,,
Performance potential of mixed data management modes for heterogeneous memory systems,https://ieeexplore.ieee.org/abstract/document/9306996/,2020,4,"""Optane"" ""High+Performance+Computing""",Yes,,,,
Understanding and analysis of B+ trees on NVM towards consistency and efficiency,https://link.springer.com/article/10.1007/s42514-020-00022-z,2020,7,"""Optane"" ""High+Performance+Computing""",Yes,,,,
Efficient large scale DLRM implementation on heterogeneous memory systems,https://link.springer.com/chapter/10.1007/978-3-031-32041-5_3,2023,4,"""Optane"" ""High+Performance+Computing""",Yes,,,,
Usage scenarios for byte-addressable persistent memory in high-performance and data intensive computing,https://link.springer.com/article/10.1007/s11390-020-0776-8,2021,6,"""Optane"" ""High+Performance+Computing""",Yes,,,,
Accelerating In Situ Analysis using Non-volatile Memory,https://dl.acm.org/doi/abs/10.1145/3624062.3624176,2023,1,"""Optane"" ""High+Performance+Computing""",Yes,,,,
{MDev-NVMe}: A {NVMe} storage virtualization solution with mediated {Pass-Through},https://www.usenix.org/conference/atc18/presentation/peng,2018,70,"""Optane"" ""High+Performance+Computing""",No,,,,
Using Non Volatile Memories to build energy and cost efficient clusters,https://sc19.supercomputing.org/proceedings/src_poster/poster_files/spostg114s2-file2.pdf,2018,0,"""Optane"" ""High+Performance+Computing""",No,,,,
Enhancing endurance of ssd based high-performance storage systems using emerging nvm technologies,https://ieeexplore.ieee.org/abstract/document/9150324/,2020,8,"""Optane"" ""High+Performance+Computing""",Yes,,,,
A large scale graph processing using Low Latency Optane SSD,https://www.researchgate.net/profile/Muhammad-Umair-18/publication/334049910_A_large_scale_graph_processing_using_Low_Latency_Optane_SSD/links/5f3a771f92851cd302fe1e55/A-large-scale-graph-processing-using-Low-Latency-Optane-SSD.pdf,2019,0,"""Optane"" ""High+Performance+Computing""",Yes,,,,
On the memory underutilization: Exploring disaggregated memory on hpc systems,https://ieeexplore.ieee.org/abstract/document/9235066/,2020,66,"""Optane"" ""High+Performance+Computing""",Yes,,,,
Spmfs: A scalable persistent memory file system on optane persistent memory,https://dl.acm.org/doi/abs/10.1145/3472456.3472503,2021,10,"""Optane"" ""High+Performance+Computing""",Yes,,,,
Lessons learned from the early performance evaluation of Intel optane DC persistent memory in DBMS,https://dl.acm.org/doi/abs/10.1145/3399666.3399898,2020,46,"""Optane"" ""High+Performance+Computing""",Yes,,,,
Athena: High-performance sparse tensor contraction sequence on heterogeneous memory,https://dl.acm.org/doi/abs/10.1145/3447818.3460355,2021,26,"""Optane"" ""High+Performance+Computing""",Yes,,,,
Appearances of the Birthday Paradox in High Performance Computing,https://arxiv.org/abs/1909.12195,1909,0,"""Optane"" ""High+Performance+Computing""",No,,,,
Survey on storage-accelerator data movement,https://link.springer.com/article/10.1007/s42514-022-00112-0,2022,2,"""Optane"" ""High+Performance+Computing""",Yes,,,,
The ECP SICM project: Managing complex memory hierarchies for exascale applications,https://journals.sagepub.com/doi/abs/10.1177/10943420241288243,2025,1,"""Optane"" ""High+Performance+Computing""",Yes,,,,
Smart scheduler: an adaptive NVM-aware thread scheduling approach on NUMA systems,https://link.springer.com/article/10.1007/s42514-022-00110-2,2022,5,"""Optane"" ""High+Performance+Computing""",Yes,,,,
Enabling Independent Communication for FPGAs in High Performance Computing,https://research.manchester.ac.uk/files/184636529/FULL_TEXT.PDF,2020,0,"""Optane"" ""High+Performance+Computing""",Yes,,,,
Analyzing and Mitigating the Cost of Persistence in High-Performance Computing Systems,https://search.proquest.com/openview/cceaa91b107df0fd73b53b885e50dab7/1?pq-origsite=gscholar&cbl=18750&diss=y,2020,1,"""Optane"" ""High+Performance+Computing""",Yes,,,,
echofs: A Scheduler-guided Temporary Filesystem to leverage Node-local NVMs,https://ieeexplore.ieee.org/abstract/document/8645894/,2018,6,"""Optane"" ""High+Performance+Computing""",No,,,,
UMap: Enabling application-driven optimizations for page management,https://ieeexplore.ieee.org/abstract/document/8946142/,2019,35,"""Optane"" ""High+Performance+Computing""",Yes,,,,
Characterizing the performance of intel optane persistent memory: A close look at its on-dimm buffering,https://dl.acm.org/doi/abs/10.1145/3492321.3519556,2022,65,"""Optane"" ""High+Performance+Computing""",Yes,,,,
Memory Management and Data Synchronization in Parallel Computing: Reducing System Failures in HPC,https://www.researchgate.net/profile/Taylor-Smith-99/publication/389688603_Memory_Management_and_Data_Synchronization_in_Parallel_Computing_Reducing_System_Failures_in_HPC/links/67cda48e7c5b5569dcb9082a/Memory-Management-and-Data-Synchronization-in-Parallel-Computing-Reducing-System-Failures-in-HPC.pdf,2021,0,"""Optane"" ""High+Performance+Computing""",Yes,,,,
Call for Nominations: IEEE CS TCHPC Early Career Researchers Award for Excellence in High Performance Computing–2019,https://nagasm.org/ASL/Sketch02/fig1/health.pdf,,0,"""Optane"" ""High+Performance+Computing""",No,,,,
Scanns: Towards scalable and concurrent data indexing and searching in high-end computing system,https://ieeexplore.ieee.org/abstract/document/9826114/,2022,6,"""Optane"" ""High+Performance+Computing""",Yes,,,,
Optimizing hybrid access virtual memory system using scm/dram unified memory management unit,https://sc19.supercomputing.org/proceedings/tech_poster/poster_files/rpost116s2-file3.pdf,2019,2,"""Optane"" ""High+Performance+Computing""",Yes,,,,
UMap: An application-oriented user level memory mapping library,https://journals.sagepub.com/doi/abs/10.1177/10943420241303145,2025,0,"""Optane"" ""High+Performance+Computing""",Yes,,,,
The effect of non volatile memory on a distributed storage system,https://ieeexplore.ieee.org/abstract/document/8291857/,2017,7,"""Optane"" ""High+Performance+Computing""",No,,,,
Optimizing post-copy live migration with system-level checkpoint using fabric-attached memory,https://ieeexplore.ieee.org/abstract/document/8946189/,2019,20,"""Optane"" ""High+Performance+Computing""",Yes,,,,
Basic performance measurements of the intel optane DC persistent memory module,https://arxiv.org/abs/1903.05714,2019,627,"""Optane"" ""High+Performance+Computing""",Yes,,,,
Freezing time emulating new and faster devices with virtual machines,https://link.springer.com/article/10.1007/s42514-020-00023-y,2020,0,"""Optane"" ""High+Performance+Computing""",Yes,,,,
A Linux kernel scheduler extension for multi-core systems,https://ieeexplore.ieee.org/abstract/document/8990587/,2019,6,"""Optane"" ""High+Performance+Computing""",Yes,,,,
Using bandwidth throttling to quantify application sensitivity to heterogeneous memory,https://ieeexplore.ieee.org/abstract/document/9651166/,2021,4,"""Optane"" ""High+Performance+Computing""",Yes,,,,
Investigating the Overhead of the REST Protocol When Using Cloud Services for HPC Storage,https://link.springer.com/chapter/10.1007/978-3-030-59851-8_10,2020,4,"""Optane"" ""High+Performance+Computing""",Yes,,,,
A Scalable Parallel Computing Framework for Large-Scale Astrophysical Fluid Dynamics Numerical Simulation,https://ieeexplore.ieee.org/abstract/document/9029149/,2019,1,"""Optane"" ""High+Performance+Computing""",Yes,,,,
Mdev-nvme: Mediated pass-through nvme virtualization solution with adaptive polling,https://ieeexplore.ieee.org/abstract/document/9298840/,2020,8,"""Optane"" ""High+Performance+Computing""",Yes,,,,
Memory Sandbox: A Versatile Tool for Analyzing and Optimizing HBM Performance in FPGA,https://ieeexplore.ieee.org/abstract/document/10763624/,2024,1,"""Optane"" ""High+Performance+Computing""",Yes,,,,
Libcos: enabling converged HPC and cloud data stores with MPI,https://dl.acm.org/doi/abs/10.1145/3578178.3578236,2023,7,"""Optane"" ""High+Performance+Computing""",Yes,,,,
Structure and Features of the Software and Information Environment of the HybriLIT Heterogeneous Platform,https://link.springer.com/chapter/10.1007/978-3-031-80853-1_33,2024,0,"""Optane"" ""High+Performance+Computing""",Yes,,,,
Performance analysis of 3D XPoint SSDs in virtualized and non-virtualized environments,https://ieeexplore.ieee.org/abstract/document/8644859/,2018,19,"""Optane"" ""High+Performance+Computing""",No,,,,
Footprint-aware power capping for hybrid memory based systems,https://link.springer.com/chapter/10.1007/978-3-030-50743-5_18,2020,7,"""Optane"" ""High+Performance+Computing""",Yes,,,,
Evaluation of Intel Memory Drive Technology Performance for Computational Astrophysics,https://link.springer.com/chapter/10.1007/978-3-030-36592-9_46,2019,0,"""Optane"" ""High+Performance+Computing""",Yes,,,,
Studying the Effects of Asynchronous I/O on HPC I/O Patterns,https://ieeexplore.ieee.org/abstract/document/10740888/,2024,0,"""Optane"" ""High+Performance+Computing""",Yes,,,,
A survey on optimizations towards best-effort hardware transactional memory,https://link.springer.com/article/10.1007/s42514-020-00049-2,2020,2,"""Optane"" ""High+Performance+Computing""",Yes,,,,
Initial Experiences with DAOS Object Storage on Aurora,https://ieeexplore.ieee.org/abstract/document/10820604/,2024,0,"""Optane"" ""High+Performance+Computing""",Yes,,,,
A survey on graphic processing unit computing for large‐scale data mining,https://wires.onlinelibrary.wiley.com/doi/abs/10.1002/widm.1232,2018,154,"""Optane"" ""High+Performance+Computing""",No,,,,
A quantitative approach for adopting disaggregated memory in hpc systems,https://dl.acm.org/doi/abs/10.1145/3581784.3607108,2023,15,"""Optane"" ""High+Performance+Computing""",Yes,,,,
A Novel Cache and Consistency Mechanism for IoT Time Series Data,https://ieeexplore.ieee.org/abstract/document/10466989/,2023,0,"""Optane"" ""High+Performance+Computing""",Yes,,,,
GreenB+ Tree: an energy-efficient B+ tree for MIMD architectures,https://link.springer.com/article/10.1007/s42514-024-00204-z,2025,0,"""Optane"" ""High+Performance+Computing""",Yes,,,,
LB-HM: load balance-aware data placement on heterogeneous memory for task-parallel HPC applications,https://dl.acm.org/doi/abs/10.1145/3503221.3508406,2022,1,"""Optane"" ""High+Performance+Computing""",Yes,,,,
Online application guidance for heterogeneous memory systems,https://dl.acm.org/doi/abs/10.1145/3533855,2022,5,"""Optane"" ""High+Performance+Computing""",Yes,,,,
Telescope: Profiling Memory Access Patterns at the Terabyte-scale,https://www.usenix.org/sites/default/files/telescope-login_2.pdf,2024,0,"""Optane"" ""High+Performance+Computing""",Yes,,,,
Blaze: Fast graph processing on fast SSDs,https://ieeexplore.ieee.org/abstract/document/10046050/,2022,9,"""Optane"" ""High+Performance+Computing""",Yes,,,,
"Sparta: High-performance, element-wise sparse tensor contraction on heterogeneous memory",https://dl.acm.org/doi/abs/10.1145/3437801.3441581,2021,38,"""Optane"" ""High+Performance+Computing""",Yes,,,,
The need for precise and efficient memory capacity budgeting,https://dl.acm.org/doi/abs/10.1145/3422575.3422791,2020,1,"""Optane"" ""High+Performance+Computing""",Yes,,,,
A high-performance distributed object-store for exascale numerical weather prediction and climate,https://dl.acm.org/doi/abs/10.1145/3324989.3325726,2019,18,"""Optane"" ""High+Performance+Computing""",Yes,,,,
Simurgh: a fully decentralized and secure NVMM user space file system,https://dl.acm.org/doi/abs/10.1145/3458817.3476180,2021,20,"""Optane"" ""High+Performance+Computing""",Yes,,,,
Air cooling server conversion to two phase immersion cooling and thermal performance results,https://ieeexplore.ieee.org/abstract/document/9755898/,2022,5,"""Optane"" ""High+Performance+Computing""",Yes,,,,
Kub: enabling elastic HPC workloads on containerized environments,https://ieeexplore.ieee.org/abstract/document/10306010/,2023,5,"""Optane"" ""High+Performance+Computing""",Yes,,,,
Research Journal: Advancements in Computer Architecture for Modern Applications: Challenges and Opportunities,https://papers.ssrn.com/sol3/papers.cfm?abstract_id=5072074,,0,"""Optane"" ""High+Performance+Computing""",No,,,,
Burger-tree: A three-layer cache-conscious tree index for persistent memory,https://ieeexplore.ieee.org/abstract/document/10074794/,2022,3,"""Optane"" ""High+Performance+Computing""",Yes,,,,
Mamba: Portable array-based abstractions for heterogeneous high-performance systems,https://ieeexplore.ieee.org/abstract/document/9652860/,2021,6,"""Optane"" ""High+Performance+Computing""",Yes,,,,
An experimental setup to evaluate RAPL energy counters for heterogeneous memory,https://dl.acm.org/doi/abs/10.1145/3629526.3645052,2024,5,"""Optane"" ""High+Performance+Computing""",Yes,,,,
Extending Memory Capacity in Modern Consumer Systems With Emerging Non-Volatile Memory: Experimental Analysis and Characterization Using the Intel Optane …,https://ieeexplore.ieee.org/abstract/document/10258271/,2023,2,"""Optane"" ""High+Performance+Computing""",Yes,,,,
A performance study of optane persistent memory: From indexing data structures' perspective,https://msstconference.org/MSST-history/2020/Papers/02.APerformanceStudyOptane.pdf,2020,3,"""Optane"" ""High+Performance+Computing""",Yes,,,,
Replica-aware data recovery performance improvement for Hadoop system with NVM,https://link.springer.com/article/10.1007/s42514-021-00066-9,2021,2,"""Optane"" ""High+Performance+Computing""",Yes,,,,
An empirical evaluation of nvm-aware file systems on intel optane dc persistent memory modules,https://www.mdpi.com/2079-9292/10/16/1977,2021,13,"""Optane"" ""High+Performance+Computing""",Yes,,,,
DRAGON: breaking GPU memory capacity limits with direct NVM access,https://ieeexplore.ieee.org/abstract/document/8665804/,2018,64,"""Optane"" ""High+Performance+Computing""",No,,,,
Multi-Host Sharing of a Single-Function NVMe Device in a PCIe Cluster,https://ieeexplore.ieee.org/abstract/document/10820646/,2024,2,"""Optane"" ""High+Performance+Computing""",Yes,,,,
Virtualize and share non-volatile memories in user space,https://link.springer.com/article/10.1007/s42514-020-00019-8,2020,5,"""Optane"" ""High+Performance+Computing""",Yes,,,,
Flexhm: A practical system for heterogeneous memory with flexible and efficient performance optimizations,https://dl.acm.org/doi/abs/10.1145/3565885,2022,5,"""Optane"" ""High+Performance+Computing""",Yes,,,,
Finchfs: A High-Performance Ad-Hoc File System Balancing Metadata Scalability and Rename Flexibility,https://papers.ssrn.com/sol3/papers.cfm?abstract_id=5165945,,0,"""Optane"" ""High+Performance+Computing""",No,,,,
Exploring the Potential of Next Generation Software-Defined in Memory Frameworks,https://ieeexplore.ieee.org/abstract/document/8645858/,2018,1,"""Optane"" ""High+Performance+Computing""",No,,,,
Towards Disaggregated NDP Architectures for Large-scale Graph Analytics,https://ieeexplore.ieee.org/abstract/document/10820616/,2024,0,"""Optane"" ""High+Performance+Computing""",Yes,,,,
Characterizing the Performance of Intel Optane Persistent Memory,https://ranger.uta.edu/~sjiang/pubs/papers/xiang22-Pmem.pdf,2022,0,"""Optane"" ""High+Performance+Computing""",Yes,,,,
UnifyFS: A user-level shared file system for unified access to distributed local storage,https://ieeexplore.ieee.org/abstract/document/10177390/,2023,24,"""Optane"" ""High+Performance+Computing""",Yes,,,,
Fine-grained policy-driven I/O sharing for burst buffers,https://dl.acm.org/doi/abs/10.1145/3581784.3607041,2023,5,"""Optane"" ""High+Performance+Computing""",Yes,,,,
Big data stream processing,https://hal.science/hal-04687320/,2024,54,"""Optane"" ""High+Performance+Computing""",Yes,,,,
Accelerating I/O performance of ZFS-based Lustre file system in HPC environment,https://link.springer.com/article/10.1007/s11227-022-04966-7,2023,3,"""Optane"" ""High+Performance+Computing""",Yes,,,,
Distributed NVRAM cache–optimization and evaluation with power of adjacency matrix,https://link.springer.com/chapter/10.1007/978-3-319-59105-6_2,2017,4,"""Optane"" ""High+Performance+Computing""",No,,,,
Pattern-aware staging for hybrid memory systems,https://link.springer.com/chapter/10.1007/978-3-030-50743-5_24,2020,5,"""Optane"" ""High+Performance+Computing""",Yes,,,,
PEANUTS: A Persistent Memory-Based Network Unilateral Transfer System for Enhanced MPI-IO Data Transfer,https://link.springer.com/chapter/10.1007/978-3-031-69766-1_30,2024,0,"""Optane"" ""High+Performance+Computing""",Yes,,,,
Towards fast crash-consistent cluster checkpointing,https://ieeexplore.ieee.org/abstract/document/9926330/,2022,2,"""Optane"" ""High+Performance+Computing""",Yes,,,,
Atmem: Adaptive data placement in graph applications on heterogeneous memories,https://dl.acm.org/doi/abs/10.1145/3368826.3377922,2020,41,"""Optane"" ""High+Performance+Computing""",Yes,,,,
[C] Expect Exascale: ROBERT ROE LOOKS AT ADVANCES IN EXASCALE COMPUTING AND THE IMPACT OF AI ON HPC DEVELOPMENT,,2019,0,"""Optane"" ""High+Performance+Computing""",Yes,,,,
Ambix: Rethinking Linux's Page Management to Support the new Intel Optane DC Persistent Memory,https://www.dpss.inesc-id.pt/~jpbarreto/data/uploads/thesis/miguel-marques-ext-abstract.pdf,2021,1,"""Optane"" ""High+Performance+Computing""",Yes,,,,
H2M: exploiting heterogeneous shared memory architectures,https://www.sciencedirect.com/science/article/pii/S0167739X23002029,2023,6,"""Optane"" ""High+Performance+Computing""",Yes,,,,
Characterizing deep-learning I/O workloads in TensorFlow,https://ieeexplore.ieee.org/abstract/document/8638422/,2018,71,"""Optane"" ""High+Performance+Computing""",No,,,,
PEARS: A Performance-Aware Static and Dynamic Framework for Heterogeneous Memory,https://dl.acm.org/doi/abs/10.1145/3488423.3519320,2025,0,"""Optane"" ""High+Performance+Computing""",Yes,,,,
Analytical review of electronic devices of modern supercomputing systems,https://link.springer.com/chapter/10.1007/978-3-030-94202-1_3,2021,1,"""Optane"" ""High+Performance+Computing""",Yes,,,,
Design and implementation of the tianhe-2 data storage and management system,https://link.springer.com/article/10.1007/s11390-020-9799-4,2020,10,"""Optane"" ""High+Performance+Computing""",Yes,,,,
Pactree: A high performance persistent range index using pac guidelines,https://dl.acm.org/doi/abs/10.1145/3477132.3483589,2021,95,"""Optane"" ""High+Performance+Computing""",Yes,,,,
ecoHMEM: Improving object placement methodology for hybrid memory systems in HPC,https://ieeexplore.ieee.org/abstract/document/9912666/,2022,10,"""Optane"" ""High+Performance+Computing""",Yes,,,,
Performance evaluation and modeling of HPC I/O on non-volatile memory,https://ieeexplore.ieee.org/abstract/document/8026869/,2017,15,"""Optane"" ""High+Performance+Computing""",No,,,,
Will China attain exascale supercomputing in 2020?,https://ieeexplore.ieee.org/abstract/document/8946314/,2019,2,"""Optane"" ""High+Performance+Computing""",Yes,,,,
Scalable Redundancy and Checkpointing Techniques for Fault Resilience in HPC,https://www.researchgate.net/profile/Zainab-Asimiyu/publication/389674617_Scalable_Redundancy_and_Checkpointing_Techniques_for_Fault_Resilience_in_HPC/links/67cc10cde62c604a0dd65178/Scalable-Redundancy-and-Checkpointing-Techniques-for-Fault-Resilience-in-HPC.pdf,2019,0,"""Optane"" ""High+Performance+Computing""",Yes,,,,
Flash Fast: Unleashing Performance with NVMe Technology,https://puirj.com/index.php/research/article/view/132,2023,2,"""Optane"" ""High+Performance+Computing""",Yes,,,,
AI-ASSISTED MEMORY AND CACHE OPTIMIZATION IN MODERN OPERATING SYSTEMS AND MULTICORE PROCESSORS,https://www.researchgate.net/profile/Vasuki-Shankar/publication/390842558_AI-Assisted_Memory_and_Cache_Optimization_in_Modern_Operating_Systems_and_Multicore_Processors/links/6800187860241d51400d62df/AI-Assisted-Memory-and-Cache-Optimization-in-Modern-Operating-Systems-and-Multicore-Processors.pdf,,0,"""Optane"" ""High+Performance+Computing""",No,,,,
Hardware-supported remote persistence for distributed persistent memory,https://dl.acm.org/doi/abs/10.1145/3458817.3476194,2021,6,"""Optane"" ""High+Performance+Computing""",Yes,,,,
Proxy Applications for Converged Workloads: DMC LDRD Initiative,https://www.osti.gov/biblio/2203719,2023,0,"""Optane"" ""High+Performance+Computing""",Yes,,,,
{INSIDER}: Designing {In-Storage} computing system for emerging {High-Performance} drive,https://www.usenix.org/conference/atc19/presentation/ruan,2019,141,"""Optane"" ""High+Performance+Computing""",Yes,,,,
Hyperkv: a high performance concurrent key-value store for persistent memory,https://ieeexplore.ieee.org/abstract/document/9644903/,2021,1,"""Optane"" ""High+Performance+Computing""",Yes,,,,
MaPHeA: A lightweight memory hierarchy-aware profile-guided heap allocation framework,https://dl.acm.org/doi/abs/10.1145/3461648.3463844,2021,13,"""Optane"" ""High+Performance+Computing""",Yes,,,,
Programming the Future: the Essential Role of System Topology Awareness in Heterogeneous Disaggregated Environments,https://dl.acm.org/doi/abs/10.1145/3695794.3695811,2024,0,"""Optane"" ""High+Performance+Computing""",Yes,,,,
TPFS: a high-performance tiered file system for persistent memories and disks,https://dl.acm.org/doi/abs/10.1145/3580280,2023,9,"""Optane"" ""High+Performance+Computing""",Yes,,,,
PnP: Rethinking Page Placement and Persistence Mechanisms to Support the new Intel Optane DC Persistent Memory,https://www.dpss.inesc-id.pt/~jpbarreto/data/uploads/thesis/miguel-marques-midterm.pdf,,0,"""Optane"" ""High+Performance+Computing""",No,,,,
Characterizing and modeling non-volatile memory systems,https://ieeexplore.ieee.org/abstract/document/9251957/,2020,125,"""Optane"" ""High+Performance+Computing""",Yes,,,,
Co-design Of Advanced Architectures For Graph Analytics Using Machine Learning,https://ieeexplore.ieee.org/abstract/document/9460647/,2021,2,"""Optane"" ""High+Performance+Computing""",Yes,,,,
Efficient user-level storage disaggregation for deep learning,https://ieeexplore.ieee.org/abstract/document/8891023/,2019,51,"""Optane"" ""High+Performance+Computing""",Yes,,,,
Metall: A persistent memory allocator for data-centric analytics,https://www.sciencedirect.com/science/article/pii/S0167819122000114,2022,14,"""Optane"" ""High+Performance+Computing""",Yes,,,,
State-of-the-art and trends for computing and interconnect network solutions for HPC and AI,https://prace-ri.eu/wp-content/uploads/State-of-the-Art-and-Trends-for-Computing-and-Interconnect-Network-Solutions-for-HPC-and-AI.pdf,2021,12,"""Optane"" ""High+Performance+Computing""",Yes,,,,
Managing Extreme Heterogeneity in Next Generation HPC Systems,https://search.proquest.com/openview/799dc240c52a6c708951f887cc003a96/1?pq-origsite=gscholar&cbl=18750&diss=y,2022,0,"""Optane"" ""High+Performance+Computing""",Yes,,,,
Cori: Dancing to the right beat of periodic data movements over hybrid memory systems,https://ieeexplore.ieee.org/abstract/document/9460495/,2021,31,"""Optane"" ""High+Performance+Computing""",Yes,,,,
Research on the Impact of Interceptors on the Small File Read/Write Performance and Scalability of an All-Flash Storage System,https://ieeexplore.ieee.org/abstract/document/10899300/,2024,0,"""Optane"" ""High+Performance+Computing""",Yes,,,,
[CITATION] … HIGH PERFORMANCE COMPUTING-HELD IN CONJUNCTION WITH SC 2019: THE INTERNATIONAL CONFERENCE FOR HIGH PERFORMANCE …,,2019,0,"""Optane"" ""High+Performance+Computing""",Yes,,,,
Understanding Power Consumption Metric on Heterogeneous Memory Systems,https://ieeexplore.ieee.org/abstract/document/10476268/,2023,0,"""Optane"" ""High+Performance+Computing""",Yes,,,,
[CITATION] Report on Disruptive Technologies for years 2020-2030,,,0,"""Optane"" ""High+Performance+Computing""",No,,,,
Methods and means of distributed storage systems implementation,http://swsys-web.ru/en/methods-and-means-of-distributed-storage-systems-implementation.html,2019,3,"""Optane"" ""High+Performance+Computing""",Yes,,,,
“GOVORUN” SUPERCOMPUTER FOR JINR TASKS,https://ceur-ws.org/Vol-2772/1-12-paper-1.pdf,2020,2,"""Optane"" ""High+Performance+Computing""",Yes,,,,
A Connectivity Reduction Based Optimization Method for Task Level Parallel File System,https://ieeexplore.ieee.org/abstract/document/9972985/,2022,0,"""Optane"" ""High+Performance+Computing""",Yes,,,,
Experience and performance of persistent memory for the DUNE data acquisition system,https://ieeexplore.ieee.org/abstract/document/9443101/,2021,6,"""Optane"" ""High+Performance+Computing""",Yes,,,,
On the Discontinuation of Persistent Memory: Looking Back to Look Forward,https://par.nsf.gov/servlets/purl/10431674,2023,1,"""Optane"" ""High+Performance+Computing""",Yes,,,,
A hybrid memory architecture supporting fine-grained data migration,https://link.springer.com/article/10.1007/s11704-023-2675-y,2024,8,"""Optane"" ""High+Performance+Computing""",Yes,,,,
Capri: Compiler and architecture support for whole-system persistence,https://dl.acm.org/doi/abs/10.1145/3502181.3531474,2022,22,"""Optane"" ""High+Performance+Computing""",Yes,,,,
Programming the Continuum: Towards Better Techniques for Developing Distributed Science Applications,https://knowledge.uchicago.edu/record/14920,2025,0,"""Optane"" ""High+Performance+Computing""",Yes,,,,
Unleashing real-time analytics: A comparative study of in-memory computing vs. traditional disk-based systems,https://periodicos.cerradopub.com.br/bjs/article/view/553,2024,3,"""Optane"" ""High+Performance+Computing""",Yes,,,,
Efficient and High-Performance Data Orchestration for Large Scale Cloud Workloads,https://search.proquest.com/openview/7a6484e5b9461f415639c5e2098b98b3/1?pq-origsite=gscholar&cbl=18750&diss=y,2021,0,"""Optane"" ""High+Performance+Computing""",Yes,,,,
MultIO: A Framework for Message-Driven Data Routing For Weather and Climate Simulations,https://dl.acm.org/doi/abs/10.1145/3659914.3659938,2024,4,"""Optane"" ""High+Performance+Computing""",Yes,,,,
Exploring efficient architectures on remote in-memory nvm over rdma,https://dl.acm.org/doi/abs/10.1145/3477004,2021,6,"""Optane"" ""High+Performance+Computing""",Yes,,,,
Runtime data management on non-volatile memory-based high performance systems,https://search.proquest.com/openview/685c43b22eec3af3e36099334b89eae6/1?pq-origsite=gscholar&cbl=18750&diss=y,2021,1,"""Optane"" ""High+Performance+Computing""",Yes,,,,
An exploration into object storage for exascale supercomputers,https://cug.org/proceedings/cug2017_proceedings/includes/files/pap156s2-file1.pdf,2017,5,"""Optane"" ""High+Performance+Computing""",No,,,,
Optimizing large-scale plasma simulations on persistent memory-based heterogeneous memory with effective data placement across memory hierarchy,https://dl.acm.org/doi/abs/10.1145/3447818.3460356,2021,23,"""Optane"" ""High+Performance+Computing""",Yes,,,,
Octopus+: An RDMA-Enabled Distributed Persistent Memory File System,https://dl.acm.org/doi/abs/10.1145/3448418,2021,283,"""Optane"" ""High+Performance+Computing""",Yes,,,,
LazySort: A customized sorting algorithm for non-volatile memory,https://www.sciencedirect.com/science/article/pii/S0020025523007223,2023,2,"""Optane"" ""High+Performance+Computing""",Yes,,,,
The case for non-volatile ram in cloud hpcaas,https://arxiv.org/abs/2208.02240,2022,1,"""Optane"" ""High+Performance+Computing""",Yes,,,,
Performance benefits of Intel (R) OptaneTM DC persistent memory for the parallel processing of large neuroimaging data,https://arxiv.org/abs/1912.11794,1912,0,"""Optane"" ""High+Performance+Computing""",No,,,,
Programming Language Support for Emerging Memory Technologies,https://www.cs.ox.ac.uk/publications/publication16452-abstract.html,2024,0,"""Optane"" ""High+Performance+Computing""",Yes,,,,
Towards scalable data processing in python with clippy,https://ieeexplore.ieee.org/abstract/document/9652966/,2021,2,"""Optane"" ""High+Performance+Computing""",Yes,,,,
Toward Footprint-Aware Power Shifting for Hybrid Memory Based Systems,http://oaciss.uoregon.edu/icpp18/views/includes/files/pos118s1-file1.pdf,,0,"""Optane"" ""High+Performance+Computing""",No,,,,
A Data Optimizer for Region-Aware Self-describing Files in Scientific Computing,https://dl.acm.org/doi/abs/10.1145/3698038.3698526,2024,1,"""Optane"" ""High+Performance+Computing""",Yes,,,,
System architecture design for high performance solid-state data storage devices,https://search.proquest.com/openview/9ebe07133f41fab04b323700b5aa35d2/1?pq-origsite=gscholar&cbl=18750&diss=y,2020,0,"""Optane"" ""High+Performance+Computing""",Yes,,,,
Recovery of Distributed Iterative Solvers for Linear Systems Using Non-Volatile RAM,https://ieeexplore.ieee.org/abstract/document/10024018/,2022,3,"""Optane"" ""High+Performance+Computing""",Yes,,,,
Advancing RPC for Data Services at Exascale.,https://scholar.archive.org/work/px4bv26xvnctrmw2goh6pxr32q/access/wayback/http://sites.computer.org/debull/A20mar/p23.pdf,2020,7,"""Optane"" ""High+Performance+Computing""",Yes,,,,
StaticHMEM: static object placement methodology for heterogeneous memory systems in HPC,https://upcommons.upc.edu/handle/2117/393961,2023,0,"""Optane"" ""High+Performance+Computing""",Yes,,,,
High performance analysis for road traffic control,https://theses.hal.science/tel-04731837/,2024,0,"""Optane"" ""High+Performance+Computing""",Yes,,,,
Reimagining codesign for advanced scientific computing: Report for the ascr workshop on reimagining codesign,https://www.osti.gov/biblio/1822199,2022,19,"""Optane"" ""High+Performance+Computing""",Yes,,,,
CHash: A High Cost-Performance Hash Design for CXL-based Disaggregated Memory System,https://dl.acm.org/doi/abs/10.1145/3711698,2025,0,"""Optane"" ""High+Performance+Computing""",Yes,,,,
Ribbon: High performance cache line flushing for persistent memory,https://dl.acm.org/doi/abs/10.1145/3410463.3414625,2020,8,"""Optane"" ""High+Performance+Computing""",Yes,,,,
Portable application guidance for complex memory systems,https://dl.acm.org/doi/abs/10.1145/3357526.3357575,2019,14,"""Optane"" ""High+Performance+Computing""",Yes,,,,
Analysis and Optimization of GNN-Based Recommender Systems on Persistent Memory,https://arxiv.org/abs/2207.11918,2022,0,"""Optane"" ""High+Performance+Computing""",Yes,,,,
"{SpanDB}: A fast,{Cost-Effective}{LSM-tree} based {KV} store on hybrid storage",https://www.usenix.org/conference/fast21/presentation/chen-hao,2021,116,"""Optane"" ""High+Performance+Computing""",Yes,,,,
User-Level I/O Accelerations for High-Performance Deep Learning Applications,https://search.proquest.com/openview/3e6dc9a2196f7896b8a892ee6c6446f3/1?pq-origsite=gscholar&cbl=18750&diss=y,2021,0,"""Optane"" ""High+Performance+Computing""",Yes,,,,
Petrel: A programmatically accessible research data service,https://dl.acm.org/doi/abs/10.1145/3332186.3332241,2019,17,"""Optane"" ""High+Performance+Computing""",Yes,,,,
A Helpful Analysis of the Technological Mix based on HPC and Artificial Intelligence for Maintaining Competitiveness in the Business Environment.,https://search.ebscohost.com/login.aspx?direct=true&profile=ehost&scope=site&authtype=crawler&jrnl=15840409&AN=143881996&h=t%2FAfCjh%2Bn3LvXB28y%2Bu3ar%2FkySdyWl37AjL2fn0rQhwNj5zYg7eyLxvS9y5jEOhh2c6yqd7LubZ0%2FjmXnaeoSg%3D%3D&crl=c,2020,2,"""Optane"" ""High+Performance+Computing""",Yes,,,,
Performance Analysis of Real-Time Big Data Search Platform Based on High-Capacity Persistent Memory,https://koreascience.kr/article/JAKO202325443300107.page,2023,2,"""Optane"" ""High+Performance+Computing""",Yes,,,,
Opportunities for partitioning non-volatile memory DIMMs between co-scheduled Jobs on HPC Nodes,https://link.springer.com/chapter/10.1007/978-3-030-48340-1_7,2019,2,"""Optane"" ""High+Performance+Computing""",Yes,,,,
Accelerating Python applications with dask and proxystore,https://arxiv.org/abs/2410.12092,2024,1,"""Optane"" ""High+Performance+Computing""",Yes,,,,
Data system and data management in a federation of HPC/Cloud centers,https://library.oapen.org/bitstream/handle/20.500.12657/52229/1/9781032009841_10.1201_9781003176664-4.pdf,2022,10,"""Optane"" ""High+Performance+Computing""",Yes,,,,
DistTC: High performance distributed triangle counting,https://ieeexplore.ieee.org/abstract/document/8916438/,2019,34,"""Optane"" ""High+Performance+Computing""",Yes,,,,
Revitalizing the Forgotten {On-Chip}{DMA} to Expedite Data Movement in {NVM-based} Storage Systems,https://www.usenix.org/conference/fast23/presentation/su,2023,11,"""Optane"" ""High+Performance+Computing""",Yes,,,,
Case Studies on the Impact and Challenges of Heterogeneous NUMA Architectures for HPC,https://link.springer.com/chapter/10.1007/978-3-031-66146-4_17,2024,1,"""Optane"" ""High+Performance+Computing""",Yes,,,,
Sentinel: Efficient tensor migration and allocation on heterogeneous memory systems for deep learning,https://ieeexplore.ieee.org/abstract/document/9407112/,2021,78,"""Optane"" ""High+Performance+Computing""",Yes,,,,
Hemem: Scalable tiered memory management for big data applications and real nvm,https://dl.acm.org/doi/abs/10.1145/3477132.3483550,2021,131,"""Optane"" ""High+Performance+Computing""",Yes,,,,
LazyDB: I/O Optimization of Blockchain Storage System Based on Non-Volatile Memory,https://ieeexplore.ieee.org/abstract/document/10235363/,2023,0,"""Optane"" ""High+Performance+Computing""",Yes,,,,
Merchandiser: Data placement on heterogeneous memory for task-parallel hpc applications with load-balance awareness,https://dl.acm.org/doi/abs/10.1145/3572848.3577497,2023,14,"""Optane"" ""High+Performance+Computing""",Yes,,,,
SCIPIS: Scalable and concurrent persistent indexing and search in high-end computing systems,https://www.sciencedirect.com/science/article/pii/S074373152400042X,2024,1,"""Optane"" ""High+Performance+Computing""",Yes,,,,
FINCHFS: Design of Ad-Hoc File System for I/O Heavy HPC Workloads,https://ieeexplore.ieee.org/abstract/document/10740840/,2024,1,"""Optane"" ""High+Performance+Computing""",Yes,,,,
Automatic-ssd: Full hardware automation over new memory for high performance and energy efficient pcie storage cards,https://dl.acm.org/doi/abs/10.1145/3400302.3415653,2020,3,"""Optane"" ""High+Performance+Computing""",Yes,,,,
Optimizing Metadata Exchange: Leveraging DAOS for ADIOS Metadata I/O,https://ieeexplore.ieee.org/abstract/document/10528927/,2024,1,"""Optane"" ""High+Performance+Computing""",Yes,,,,
A survey on tiering and caching in high-performance storage systems,https://arxiv.org/abs/1904.11560,1904,28,"""Optane"" ""High+Performance+Computing""",No,,,,
Critical Analysis of Parallel and Distributed Computing and Future Research Direction of Cloud Computing,https://anapub.co.ke/journals/jcns/jcns_pdf/2021/jcns_volume_1-issue_4/JCNS202101017.pdf,2021,1,"""Optane"" ""High+Performance+Computing""",Yes,,,,
Exploring memory persistency models for gpus,https://ieeexplore.ieee.org/abstract/document/8891613/,2019,15,"""Optane"" ""High+Performance+Computing""",Yes,,,,
Applying recursive temporal blocking for stencil computations to deeper memory hierarchy,http://www.el.gsic.titech.ac.jp/endo/publication/endo-nvmsa18-rtb.pdf,2018,10,"""Optane"" ""High+Performance+Computing""",No,,,,
Performance comparison of daos and lustre for object data storage approaches,https://ieeexplore.ieee.org/abstract/document/10027152/,2022,6,"""Optane"" ""High+Performance+Computing""",Yes,,,,
DirectNVM: Hardware-accelerated NVMe SSDs for high-performance embedded computing,https://dl.acm.org/doi/abs/10.1145/3463911,2022,8,"""Optane"" ""High+Performance+Computing""",Yes,,,,
The marenostrum experimental exascale platform (MEEP),https://superfri.susu.ru/index.php/superfri/article/view/369,2021,14,"""Optane"" ""High+Performance+Computing""",Yes,,,,
Improving Performance on Replica-Exchange Molecular Dynamics Simulations by Optimizing GPU Core Utilization,https://dl.acm.org/doi/abs/10.1145/3673038.3673097,2024,0,"""Optane"" ""High+Performance+Computing""",Yes,,,,
FlyDB: Query Optimization of Blockchain System Based on Hybrid Storage Architecture,https://ieeexplore.ieee.org/abstract/document/10212824/,2023,1,"""Optane"" ""High+Performance+Computing""",Yes,,,,
ummap-io: User-level memory-mapped i/o for hpc,https://ieeexplore.ieee.org/abstract/document/8990626/,2019,6,"""Optane"" ""High+Performance+Computing""",Yes,,,,
[C] DISTRIBUTED INDEXING AND SEARCH IN LARGE-SCALE STORAGE SYSTEMS,,2022,0,"""Optane"" ""High+Performance+Computing""",Yes,,,,
tf-Darshan: Understanding fine-grained I/O performance in machine learning workloads,https://ieeexplore.ieee.org/abstract/document/9229605/,2020,23,"""Optane"" ""High+Performance+Computing""",Yes,,,,
Time-and memory-efficient genome assembly with Raven,https://www.nature.com/articles/s43588-021-00073-4,2021,328,"""Optane"" ""High+Performance+Computing""",Yes,,,,
The parallel hydrodynamic code for astrophysical flow with stellar equations of state,https://link.springer.com/chapter/10.1007/978-3-030-05807-4_35,2018,5,"""Optane"" ""High+Performance+Computing""",No,,,,
Application-Attuned Memory Management for Containerized HPC Workflows,https://ieeexplore.ieee.org/abstract/document/10579205/,2024,1,"""Optane"" ""High+Performance+Computing""",Yes,,,,
Sawl: A self-adaptive wear-leveling nvm scheme for high performance storage systems,https://arxiv.org/abs/1905.02871,2019,2,"""Optane"" ""High+Performance+Computing""",Yes,,,,
The case for optimizing the frequency of periodic data movements over hybrid memory systems,https://dl.acm.org/doi/abs/10.1145/3422575.3422788,2020,6,"""Optane"" ""High+Performance+Computing""",Yes,,,,
A Comprehensive Review on Data Storage,https://www.academia.edu/download/65347158/6099.pdf,2019,3,"""Optane"" ""High+Performance+Computing""",Yes,,,,
"A mess of memory system benchmarking, simulation and application profiling",https://ieeexplore.ieee.org/abstract/document/10764561/,2024,9,"""Optane"" ""High+Performance+Computing""",Yes,,,,
TrieKV: A High-Performance Key-Value Store Design with Memory as Its First-Class Citizen,https://ieeexplore.ieee.org/abstract/document/10704015/,2024,1,"""Optane"" ""High+Performance+Computing""",Yes,,,,
CHFS: Parallel consistent hashing file system for node-local persistent memory,https://dl.acm.org/doi/abs/10.1145/3492805.3492807,2022,29,"""Optane"" ""High+Performance+Computing""",Yes,,,,
Predicting file lifetimes for data placement in multi-tiered storage systems for HPC,https://dl.acm.org/doi/abs/10.1145/3439839.3458733,2021,16,"""Optane"" ""High+Performance+Computing""",Yes,,,,
Performance Characterizations and Usage Guidelines of Samsung CXL Memory Module Hybrid Prototype,https://arxiv.org/abs/2503.22017,2025,0,"""Optane"" ""High+Performance+Computing""",Yes,,,,
Characterizations and Architectural Implications of NVM's External DRAM Cache,https://ieeexplore.ieee.org/abstract/document/8855373/,2019,1,"""Optane"" ""High+Performance+Computing""",Yes,,,,
Accelerating General Relativistic Radiation Magnetohydrodynamic Simulations with GPUs,https://dl.acm.org/doi/abs/10.1145/3712031.3712032,2025,0,"""Optane"" ""High+Performance+Computing""",Yes,,,,
Er-kv: High performance hybrid fault-tolerant key-value store,https://ieeexplore.ieee.org/abstract/document/9780898/,2021,2,"""Optane"" ""High+Performance+Computing""",Yes,,,,
The evolving role of storage-class memory in servers and large systems,https://www.sciencedirect.com/science/article/pii/B9780128207581000029,2022,1,"""Optane"" ""High+Performance+Computing""",Yes,,,,
Exploring object stores for high-energy physics data storage,https://www.epj-conferences.org/articles/epjconf/abs/2021/05/epjconf_chep2021_02066/epjconf_chep2021_02066.html,2021,17,"""Optane"" ""High+Performance+Computing""",Yes,,,,
Portus: Efficient dnn checkpointing to persistent memory with zero-copy,https://ieeexplore.ieee.org/abstract/document/10630969/,2024,1,"""Optane"" ""High+Performance+Computing""",Yes,,,,
ACM Gordon Bell Finalists,https://ieeexplore.ieee.org/abstract/document/10902214/,,0,"""Optane"" ""High+Performance+Computing""",No,,,,
The research and analysis of efficiency of hardware usage base on HDFS,https://link.springer.com/article/10.1007/s10586-022-03597-0,2022,10,"""Optane"" ""High+Performance+Computing""",Yes,,,,
Disaggregated cloud memory with elastic block management,https://ieeexplore.ieee.org/abstract/document/8400405/,2018,40,"""Optane"" ""High+Performance+Computing""",No,,,,
High-Speed Storage in AI Systems: Unlocking Real-Time Analytics in Cloud-Integrated Frameworks,https://papers.ssrn.com/sol3/papers.cfm?abstract_id=5094309,2023,10,"""Optane"" ""High+Performance+Computing""",Yes,,,,
Taming Multi-node Accelerated Analytics: An Experience in Porting MATLAB to Scale with Python,https://link.springer.com/chapter/10.1007/978-3-031-08812-4_20,2022,3,"""Optane"" ""High+Performance+Computing""",Yes,,,,
Fast checkpointing of Large Language Models with TensorStore CHFS,https://sc23.supercomputing.org/proceedings/src_poster/poster_files/spostg105s3-file1.pdf,,0,"""Optane"" ""High+Performance+Computing""",No,,,,
MTM: Rethinking memory profiling and migration for multi-tiered large memory,https://dl.acm.org/doi/abs/10.1145/3627703.3650075,2024,18,"""Optane"" ""High+Performance+Computing""",Yes,,,,
Numa-aware thread migration for high performance nvmm file systems,https://msstconference.org/MSST-history/2020/Papers/16.NUMAaware.pdf,2020,12,"""Optane"" ""High+Performance+Computing""",Yes,,,,
HPC-Cloud-Big Data Convergent Architectures and Research Data Management: The LEXIS Approach,https://www.researchgate.net/profile/T-Goubier/publication/355510090_HPC-Cloud-Big_Data_Convergent_Architectures_and_Research_Data_Management_The_LEXIS_Approach/links/63a0838e40358f78eb017028/HPC-Cloud-Big-Data-Convergent-Architectures-and-Research-Data-Management-The-LEXIS-Approach.pdf,,0,"""Optane"" ""High+Performance+Computing""",No,,,,
Full-Scale Simulation of the Super C-Tau Factory Computing Infrastructure to Determine the Characteristics of the Necessary Hardware,https://link.springer.com/chapter/10.1007/978-3-031-22941-1_33,2022,0,"""Optane"" ""High+Performance+Computing""",Yes,,,,
Wrangling rogues: A case study on managing experimental post-moore architectures,https://dl.acm.org/doi/abs/10.1145/3332186.3332223,2019,4,"""Optane"" ""High+Performance+Computing""",Yes,,,,
Simplified Interface to Complex Memory (SICM) FY19 Project Review [Slides],https://www.osti.gov/servlets/purl/1569724,2019,0,"""Optane"" ""High+Performance+Computing""",Yes,,,,
BaM: A case for enabling fine-grain high throughput GPU-orchestrated access to storage,https://www.academia.edu/download/114662378/2203.04910v2.pdf,2022,12,"""Optane"" ""High+Performance+Computing""",Yes,,,,
In Situ Visualization With Temporal Caching,https://ieeexplore.ieee.org/abstract/document/9388894/,2021,8,"""Optane"" ""High+Performance+Computing""",Yes,,,,
HORIZONTALLY SCALABLE DIGITAL FOOTPRINTS STORAGE AND PROCESSING TECHNOLOGIES AS AN INTEGRAL PART OF IT-PROFESSIONAL TRAINING …,https://www.researchgate.net/profile/Mikhail-Belov-5/publication/381248085_How_Digital_Footprints_Shape_IT-Education_and_Drive_Digital_Transformation/links/674d03253d17281c7df30b58/How-Digital-Footprints-Shape-IT-Education-and-Drive-Digital-Transformation.pdf,2023,0,"""Optane"" ""High+Performance+Computing""",Yes,,,,
"Labstor: A modular and extensible platform for developing high-performance, customized i/o stacks in userspace",https://ieeexplore.ieee.org/abstract/document/10046077/,2022,9,"""Optane"" ""High+Performance+Computing""",Yes,,,,
Assessment of the I/O and Storage Subsystem in Modular Supercomputing Architectures,https://ieeexplore.ieee.org/abstract/document/9912665/,2022,3,"""Optane"" ""High+Performance+Computing""",Yes,,,,
Persistent memory hash indexes: An experimental evaluation,https://dl.acm.org/doi/abs/10.14778/3446095.3446101,2021,55,"""Optane"" ""High+Performance+Computing""",Yes,,,,
A High-Performance Collective I/O Framework Leveraging Node-Local Persistent Memory,https://link.springer.com/chapter/10.1007/978-3-031-69766-1_13,2024,0,"""Optane"" ""High+Performance+Computing""",Yes,,,,
Sparse matrix-matrix multiplication on multilevel memory architectures: Algorithms and experiments,https://arxiv.org/abs/1804.00695,2018,10,"""Optane"" ""High+Performance+Computing""",No,,,,
초고성능 컴퓨팅을 위한 반도체 기술 발전 동향,https://www.dbpia.co.kr/Journal/articleDetail?nodeId=NODE11132233,2022,0,"""Optane"" ""High+Performance+Computing""",Yes,,,,
JASS: a tunable checkpointing system for nvm-based systems,https://ieeexplore.ieee.org/abstract/document/10487090/,2023,2,"""Optane"" ""High+Performance+Computing""",Yes,,,,
MOSIQS: Persistent memory object storage with metadata indexing and querying for scientific computing,https://ieeexplore.ieee.org/abstract/document/9448213/,2021,12,"""Optane"" ""High+Performance+Computing""",Yes,,,,
Enforcing Crash Consistency of Scientific Applications in Non-Volatile Main Memory Systems,https://ieeexplore.ieee.org/abstract/document/8945958/,2019,0,"""Optane"" ""High+Performance+Computing""",Yes,,,,
Allocation Policies Matter for Hybrid Memory Systems (Poster and Extended Abstract),https://par.nsf.gov/biblio/10413854,2023,0,"""Optane"" ""High+Performance+Computing""",Yes,,,,
NStore: A High-Performance NUMA-Aware Key-Value Store for Hybrid PM-DRAM Memory,https://ieeexplore.ieee.org/abstract/document/10761975/,2024,0,"""Optane"" ""High+Performance+Computing""",Yes,,,,
Motivating Next-Generation OS Physical Memory Management for Terabyte-Scale NVMMs,https://arxiv.org/abs/2310.03370,2023,0,"""Optane"" ""High+Performance+Computing""",Yes,,,,
Efficient Data Management Schemes for High-Performance Storage Devices,https://s-space.snu.ac.kr/bitstream/10371/143099/1/Efficient%20Data%20Management%20Schemes%20for%20High-Performance%20Storage%20Devices.pdf,2018,0,"""Optane"" ""High+Performance+Computing""",No,,,,
Current status of the MICC: An overview,https://ceur-ws.org/Vol-3041/1-8-paper-1.pdf,2021,11,"""Optane"" ""High+Performance+Computing""",Yes,,,,
"Userland co-pager: boosting data-intensive applications with non-volatile memory, userspace paging",https://dl.acm.org/doi/abs/10.1145/3318265.3318272,2019,8,"""Optane"" ""High+Performance+Computing""",Yes,,,,
"Leveraging NVMe SSDs for building a fast, cost-effective, LSM-tree-based KV store",https://dl.acm.org/doi/abs/10.1145/3480963,2021,19,"""Optane"" ""High+Performance+Computing""",Yes,,,,
ABCI 2.0: Advances in open AI computing infrastructure at AIST,https://ipsj.ixsq.nii.ac.jp/ej/?action=pages_view_main&active_action=repository_view_main_item_detail&item_id=211886&item_no=1&page_id=13&block_id=8,2021,5,"""Optane"" ""High+Performance+Computing""",Yes,,,,
An SIMD-Accelerated Metadata Management Scheme for Persistent Memory File Systems,https://ieeexplore.ieee.org/abstract/document/9826066/,2022,0,"""Optane"" ""High+Performance+Computing""",Yes,,,,
MD-HM: memoization-based molecular dynamics simulations on big memory system,https://dl.acm.org/doi/abs/10.1145/3447818.3460365,2021,26,"""Optane"" ""High+Performance+Computing""",Yes,,,,
An evaluation of daos for simulation and deep learning hpc workloads,https://dl.acm.org/doi/abs/10.1145/3578353.3589542,2023,3,"""Optane"" ""High+Performance+Computing""",Yes,,,,
Reducing CPU power consumption for low-latency SSDs,https://ieeexplore.ieee.org/abstract/document/8537699/,2018,6,"""Optane"" ""High+Performance+Computing""",No,,,,
Understanding and Optimizing Large-scale Plasma Simulations on Persistent Memory-based Systems,http://www.pasalabs.org/papers/2020/IPDPS21_WarpX_Optane.pdf,,0,"""Optane"" ""High+Performance+Computing""",No,,,,
PACTree: A High Performance Persistent Range Index Using PAC Guidelines,https://rs3lab.github.io/assets/papers/2021/kim:pactree.pdf,2021,0,"""Optane"" ""High+Performance+Computing""",Yes,,,,
Flexible and effective object tiering for heterogeneous memory systems,https://dl.acm.org/doi/abs/10.1145/3708540,2025,2,"""Optane"" ""High+Performance+Computing""",Yes,,,,
